{"A": [-79.71579768550711, 363.74064414757737, 16.639681308834486, -58.7909913781516, -6.871311544232611, -19.100677615204045, 23.33634791474151, -18.50347609327781, 5.722697548843984, -34.10425900297128, 13.68390113147855, -10.510710949501036, -12.678830891872316, -26.88128664496608, -7.611747663288151, -5.973629828689093, 8.763898531571938, 9.10701032758782, 2.4244847155631724], "R": [-260.3857918014004, -234.39965569069327, -230.37185808515636, -32.61054016368291, 24.69130216235703, 86.20576166727729, 99.68914688295008, -27.2432570957729, -32.49679432941993, 13.213253503554002, 9.922194000213869, 9.84105051574549, -25.705561201812504, 7.915859950874907, 7.711894223440905, -5.897930245303261, 3.745555632023161, -2.1345608218240484, 5.09802159479631], "N": [-278.84781722651246, -68.69509529357059, 0.6450638629811638, -80.73907023399687, -16.75623343557565, -75.23780597086851, 20.452307652222768, 9.79928977044452, -0.465713869537249, 12.481959893105383, -16.402992211892393, -8.855043428503388, 8.71712500974537, -13.976871981792595, 27.62165782172491, -1.9609396447945897, -17.55070566469178, -10.413973467572584, -4.939260029613026], "D": [-132.9172606012866, -21.096799211345793, 1.2493985694254968, 249.48508572201592, -90.1385893050368, -17.09522205213575, -41.39080505098159, -54.04176091787321, -2.0357595307982472, -9.027021919471206, 36.77570171067722, 18.554950048592595, -19.093177721626944, -4.81700633953054, -8.153279052477817, -4.110239338866701, -14.444142309716527, -7.727268204581772, 1.1243264544124163], "C": [456.50962134529703, 69.29709947085973, 177.45389159318913, 234.0728184519056, -48.00356424396814, 44.09072988511678, 33.29108704789335, 71.3362261612077, -3.1091412820673967, 54.39766743467745, -8.256083492395971, -2.2069709196650877, -1.0336980471997952, -16.361564731053242, 2.15735359570977, -0.4105127532474297, 4.320408084822251, -1.4463824896033415, 0.37046281133887277], "Q": [-275.95124087506406, -207.8771159780877, -31.444155951317345, -11.454540072778222, 6.8121141513993155, -28.65740334609044, 7.1747220368470614, 14.363534680179955, -29.11900204165404, 16.010837490367685, -33.270229342050825, 25.559931790416158, 15.208182542743836, -9.055101801106433, -20.975944593075738, 9.32375691743915, -11.459983317806888, 15.809515791490487, 8.802856450610342], "E": [-252.5063209743054, -85.49579584114142, -89.0550531384837, 148.6248915477465, -21.51242472063293, -23.0757344193617, -15.433279291027276, -42.64642924773647, -13.25214999077781, 8.110813328515805, 6.48478264360705, 8.567293662392132, 45.099651467669354, 2.8652939484440423, 8.056871934663265, -3.4768270088322453, 24.096331481037563, 2.3554236714232912, -4.7392693483990485], "G": [-261.05103063849714, 368.23730825981454, 88.94105113530026, -101.19763578780636, -31.873001531343405, 89.45498165036952, -31.346769248432498, -33.03726249309476, 56.76203774969799, 22.446817538924464, -33.645187997145804, 23.593845885793275, 5.967708849727811, 9.685779405750576, 2.8266448862291873, 0.02304106860590425, -3.6168014869643184, -1.2023718793898197, 0.5111197338845087], "H": [-18.580165506189207, -264.25756082127685, 1.9229749817736417, -145.83916686396947, -69.87321527503754, 23.852089336853666, 55.660659951483005, 18.815614029536583, 60.90898798759258, -7.806922374521058, 36.60426142759436, -20.2564885571723, 17.918565946541342, -1.1952925999197643, -12.193576793591513, 10.21235781133336, -2.0202520360937193, 0.38916396425140287, -8.387725522266125], "I": [275.6698219866264, 90.0471291649712, -55.17450972024755, -87.70912880741784, 24.12672805486822, -57.4803926350359, 17.388809483642287, 25.708647367226483, -10.589554229130046, 4.684126802782959, 1.2756412757004811, 46.733474686579626, -10.361719129144479, 17.154913090061765, -10.857367612343694, -3.881234394878518, 2.940614738886487, -6.403009006170309, -18.936189018351264], "L": [227.80358031747363, 238.6138936423217, -136.42604650322164, -84.43544504808146, 69.27964666687332, 3.8512725327249933, -23.270523200676422, -13.53718711950773, -24.835466498385202, 19.19178874757225, 39.44051877915327, 5.68543884563748, 10.157978539664951, -5.498551100511994, 4.562412578148776, 27.412926615755048, -1.1199132481822307, -8.1542299855178, 8.128527862922285], "K": [-340.57067705510457, -30.43059437787808, -235.18844882945683, 193.69390862441003, 131.4200116369652, 10.888945107238388, -32.854722184110436, 67.52309787267494, 52.48720742226966, -20.54414293746201, 5.692982935390334, -1.5199445568832006, -3.626414090011829, -1.8604929485900579, -0.4542896889895753, -3.5519568913565087, -1.146191977308162, -1.4626084760209626, -0.5002563548761565], "M": [316.3187889805324, -152.32460184889487, 41.562445101061016, -61.407269623071, -39.17686515409553, -68.8563719690227, -0.15470557465333254, 17.401818250882762, 44.94283693042545, -17.229267830720985, -1.4706308408994877, 20.94245951862746, -11.116904092753236, 12.869481083035355, 11.305760923028975, -1.9471145357842385, 9.478413646888587, 1.9219310895570236, 21.05709527164451], "F": [414.0513678216427, -12.712185425381957, -82.24962907759097, -42.569820952120345, 27.239963974165775, 26.20272060934065, -4.300496718248275, -13.14545198478776, -16.191592303629392, -17.124649005302267, -10.925290639430782, -20.14254483257598, 31.403653026528172, 6.568606335583189, -13.690656478020259, -20.569350405381826, -8.737994954809258, -14.473926418853553, 8.805195090005004], "P": [-264.46394039976803, -52.179948717961594, 99.40865160643561, -172.66212687860553, -57.55028568762622, 45.056726285273825, -94.80558152213706, 76.75847118703983, -52.8807194025537, -12.68627643130651, 19.55476081648104, -4.5342929439269675, -5.16295842344227, 4.366743167433701, 4.040987456467809, -6.286825899255321, 3.7784946908721015, 1.999881479890549, -0.08666797296372915], "S": [-260.98593371611645, 188.08497862756707, 26.487750054982403, -41.57661042976541, -10.761555768318955, -39.05090496301482, 40.89687755562455, 7.011738062297404, -16.436510410579967, -13.183009823131231, -30.993202871607075, -17.167477116869627, -11.901341512737469, -10.307102614331914, -9.36575554255668, 1.7290549288428065, 11.60529269137852, -12.507741925102888, 0.5992406667149006], "T": [-42.482033131861265, 118.31637475923468, -9.088341208887769, 156.74917053602343, -35.12033976650817, -13.559978984683816, 9.374416402737804, 3.1982635894927256, -16.813297265750005, -20.521831217730004, -21.243787001553937, -37.96952038078607, -8.049650406393054, 36.39190738812299, -0.3854940577679107, 16.8597005315794, -2.691177027149173, 2.728572730639066, -1.320393517286098], "W": [473.1633373642612, -254.34625988911148, -104.2940856726302, 7.103469588633973, 0.7423311361175355, 52.80031610500904, -39.470679836234076, -32.068588444216715, -4.170240658897816, -51.93818816817554, -36.133196101781394, 6.569922420102797, -8.47164862321041, -18.313320553092087, 9.000434775348985, 9.964088306711329, 1.2978443028974251, 2.8184508109633795, -9.365037559173583], "Y": [132.36612345072464, -149.50105431803058, -158.6510887944572, -86.73337590363293, 26.673622938094272, -36.43297771794052, -66.11089575818073, -42.99888092208838, 16.489461738667398, 66.44333653076907, -4.490049983366654, -35.69904433862275, -23.50432380653162, 0.04961194586356245, -5.775608254141141, -6.194270902534029, 4.103627851949358, 6.401018757742363, -3.338021822301838], "V": [234.36133618468185, 259.9332216635718, -50.99134468421993, 5.6047086680446565, 17.607618679961448, -6.881735281352333, 36.862352206426166, -2.5186310245644945, -12.151405400789617, -8.265715307594157, 17.783689950676468, -4.631631317175113, 8.943706697608166, 6.726596257744115, 11.987711898079018, -11.36119105844084, -11.623742474072497, 22.431685835143796, -3.890939089417621],